Name,Tedad,pelak1,harf1,pelak2,harf2,pelak3,harf3,pelak4,harf4,pelak5,harf5
2021-01-14_09-55-00-953_63C81999-IRN.jpg,1,6381999,s,None,None,None,None,None,None,None,None
2021-01-14_09-55-05-287_44S88322-IRN.jpg,1,4488322,w,None,None,None,None,None,None,None,None
2021-01-14_09-55-22-055_51N12722-IRN.jpg,1,5112722,j,None,None,None,None,None,None,None,None
2021-01-14_09-55-24-899_82G57222-IRN.jpg,1,5112722,j,None,None,None,None,None,None,None,None
2021-01-14_09-56-24-147_51G12722-IRN.jpg,2,5112722,j,8257222,j,None,None,None,None,None,None
2021-01-14_09-56-25-507_43J66710-IRN.jpg,2,5112722,j,4366710,z,None,None,None,None,None,None
2021-01-14_09-56-29-403_57E94155-IRN.jpg,1,5794155,u,None,None,None,None,None,None,None,None
2021-01-14_09-56-42-676_46B43372-IRN.jpg,1,4643322,f,None,None,None,None,None,None,None,None
2021-01-14_09-57-48-297_89V18410-IRN.jpg,2,8918410,b,4643322,f,None,None,None,None,None,None
2021-01-14_09-57-50-906_45C88177-IRN.jpg,3,7973220,b,8918410,b,4588177,s,None,None,None,None
2021-01-14_09-58-04-906_13M61622-IRN.jpg,1,1361622,l,None,None,None,None,None,None,None,None
2021-01-14_09-58-51-608_18J34838-IRN.jpg,2,1361622,l,1834838,z,None,None,None,None,None,None
2021-01-14_10-00-17-902_37M34493-IRN.jpg,1,2744933,j,None,None,None,None,None,None,None,None
2021-01-14_10-00-46-591_25L87355-IRN.jpg,1,2587355,g,None,None,None,None,None,None,None,None
2021-01-14_10-00-49-417_19X41322-IRN.jpg,1,1941322,j,None,None,None,None,None,None,None,None
2021-01-14_10-01-49-960_47G77427-IRN.jpg,1,4777422,j,None,None,None,None,None,None,None,None
2021-01-14_10-02-20-285_62Y29310-IRN.jpg,2,4777422,j,6229310,d,None,None,None,None,None,None
2021-01-14_10-02-24-869_24E17855-IRN.jpg,1,2417855,u,None,None,None,None,None,None,None,None
2021-01-14_10-02-27-628_11J14277-IRN.jpg,2,2417855,u,1114277,z,None,None,None,None,None,None
2021-01-14_10-02-30-829_18G82622-IRN.jpg,2,1114277,z,1882622,j,None,None,None,None,None,None
2021-01-14_10-02-41-329_19G78333-IRN.jpg,1,1978333,j,None,None,None,None,None,None,None,None
2021-01-14_10-03-48-183_74G84955-IRN.jpg,2,4486366,s,7484955,r,None,None,None,None,None,None
2021-01-14_10-03-50-370_94D71421-IRN.jpg,2,7484955,r,9471421,n,None,None,None,None,None,None
2021-01-14_10-03-52-290_89Y99555-IRN.jpg,2,8999555,d,9471421,n,None,None,None,None,None,None
2021-01-14_10-03-53-734_53D46471-IRN.jpg,3,9471421,n,8999555,d,5346471,n,None,None,None,None
2021-01-14_10-03-54-973_83M64922-IRN.jpg,3,8999555,d,5346471,n,8364922,l,None,None,None,None
2021-01-14_10-04-43-032_25N19522-IRN.jpg,0,None,None,None,None,None,None,None,None,None,None
2021-01-14_10-05-06-013_14135259-IRN.jpg,1,2519522,j,None,None,None,None,None,None,None,None
2021-01-14_10-05-18-655_19S27922-IRN.jpg,2,1927922,w,2519533,j,None,None,None,None,None,None
2021-01-14_10-05-58-603_58Y24771-IRN.jpg,1,5824777,d,None,None,None,None,None,None,None,None
2021-01-14_10-06-22-187_14251169-IRN.jpg,0,None,None,None,None,None,None,None,None,None,None
2021-01-14_10-06-46-548_58Y24777-IRN.jpg,1,5824777,d,None,None,None,None,None,None,None,None
2021-01-14_10-06-49-655_63M78688-IRN.jpg,1,6378688,l,None,None,None,None,None,None,None,None
2021-01-14_10-06-52-482_94B67677-IRN.jpg,2,6278688,l,9467677,s,None,None,None,None,None,None
2021-01-14_10-06-52-932_61B35566-IRN.jpg,2,9467677,s,6278688,l,None,None,None,None,None,None
2021-01-14_10-06-53-819_12549939-IRN.jpg,2,6135566,f,9467677,s,None,None,None,None,None,None
2021-01-14_10-06-56-724_65G21838-IRN.jpg,1,6521838,r,None,None,None,None,None,None,None,None
2021-01-14_10-06-58-111_66V43899-IRN.jpg,2,6643899,b,6521838,r,None,None,None,None,None,None
2021-01-14_10-07-01-320_42S37510-IRN.jpg,2,4237510,w,6643899,z,None,None,None,None,None,None
2021-01-14_10-07-13-220_38G63633-IRN.jpg,1,3863633,j,None,None,None,None,None,None,None,None
2021-01-14_10-08-15-604_68N64820-IRN.jpg,2,3863633,j,6864820,k,None,None,None,None,None,None
2021-01-14_10-08-21-498_49E23178-IRN.jpg,1,4923178,u,None,None,None,None,None,None,None,None
2021-01-14_10-08-25-359_89G44722-IRN.jpg,1,8944722,j,None,None,None,None,None,None,None,None
2021-01-14_10-08-27-839_35X42411-IRN.jpg,5,1111111,j,1111111,j,1111111,i,1111111,i,1111111,i
2021-01-14_10-08-44-950_22G32811-IRN.jpg,1,2232811,j,None,None,None,None,None,None,None,None
2021-01-14_10-09-36-236_22M92444-IRN.jpg,1,2292444,l,None,None,None,None,None,None,None,None
2021-01-14_10-09-38-294_52M11855-IRN.jpg,2,2292444,l,5211855,l,None,None,None,None,None,None
2021-01-14_10-09-40-645_14G95922-IRN.jpg,1,1495922,j,None,None,None,None,None,None,None,None
2021-01-14_10-09-44-182_74D76555-IRN.jpg,5,7476555,n,1111111,j,1111111,i,1111111,n,1111111,n
2021-01-14_10-10-14-274_42D98320-IRN.jpg,1,4298220,n,None,None,None,None,None,None,None,None
2021-01-14_10-10-36-707_13943677-IRN.jpg,1,4298220,n,None,None,None,None,None,None,None,None
2021-01-14_10-11-02-250_78G75827-IRN.jpg,2,4298220,n,7875822,j,None,None,None,None,None,None
2021-01-14_10-11-06-509_37B48210-IRN.jpg,3,7875822,j,2968355,i,3748210,f,None,None,None,None
2021-01-14_10-11-08-720_45V23277-IRN.jpg,2,3748210,f,4523277,b,None,None,None,None,None,None
2021-01-14_10-12-29-368_37N51422-IRN.jpg,2,1822522,j,3751422,k,None,None,None,None,None,None
2021-01-14_10-12-31-766_92G17222-IRN.jpg,2,3751422,k,9217222,j,None,None,None,None,None,None
2021-01-14_10-12-34-848_39D96988-IRN.jpg,2,9217222,j,3996988,n,None,None,None,None,None,None
2021-01-14_10-12-59-201_64M61222-IRN.jpg,1,6461222,l,None,None,None,None,None,None,None,None
2021-01-14_10-13-57-860_17G85834-IRN.jpg,1,6461222,l,None,None,None,None,None,None,None,None
2021-01-14_10-14-03-040_17N28942-IRN.jpg,1,1728922,j,None,None,None,None,None,None,None,None
2021-01-14_10-16-00-213_45B41533-IRN.jpg,1,4541533,f,None,None,None,None,None,None,None,None
2021-01-14_10-16-05-372_68C93422-IRN.jpg,2,6893422,s,4541533,f,None,None,None,None,None,None
2021-01-14_10-16-49-077_78T49866-IRN.jpg,2,7849866,x,7187822,b,None,None,None,None,None,None
2021-01-14_10-16-51-854_77Y55410-IRN.jpg,1,7755410,d,None,None,None,None,None,None,None,None
2021-01-14_10-17-36-913_12855133-IRN.jpg,1,8487722,j,None,None,None,None,None,None,None,None
2021-01-14_10-18-25-496_54G61722-IRN.jpg,3,2233540,f,8487722,j,5461722,j,None,None,None,None
2021-01-14_10-18-27-812_42L35855-IRN.jpg,3,7942822,j,5461722,j,4235855,g,None,None,None,None
2021-01-14_10-18-31-605_32E61333-IRN.jpg,1,3261333,u,None,None,None,None,None,None,None,None
2021-01-14_10-18-34-828_36M39477-IRN.jpg,1,3639477,l,None,None,None,None,None,None,None,None
2021-01-14_11-19-59-368_65G58733-IRN.jpg,2,3491620,g,6558733,j,None,None,None,None,None,None
2021-01-14_11-20-45-508_34G32833-IRN.jpg,1,6558722,j,None,None,None,None,None,None,None,None
2021-01-14_11-20-47-432_77G27233-IRN.jpg,1,3432833,j,None,None,None,None,None,None,None,None
2021-01-14_11-20-49-677_45N94111-IRN.jpg,2,4591411,k,7727222,j,None,None,None,None,None,None
2021-01-14_11-20-57-088_98B58640-IRN.jpg,1,9858640,f,None,None,None,None,None,None,None,None
2021-01-14_11-21-00-143_99G23122-IRN.jpg,1,9923122,j,None,None,None,None,None,None,None,None
2021-01-14_11-22-08-282_25E57755-IRN.jpg,1,2557755,u,None,None,None,None,None,None,None,None
2021-01-14_11-22-09-897_76B85466-IRN.jpg,2,2557755,u,9789838,g,None,None,None,None,None,None
2021-01-14_11-22-11-797_69G85322-IRN.jpg,3,6985322,r,2557755,u,7685466,f,None,None,None,None
2021-01-14_11-22-14-158_73N43310-IRN.jpg,3,7343310,k,4617344,d,6985322,r,None,None,None,None
2021-01-14_11-22-16-194_46L16122-IRN.jpg,1,7343310,k,None,None,None,None,None,None,None,None
2021-01-14_11-22-18-583_28L31630-IRN.jpg,1,7714722,l,None,None,None,None,None,None,None,None
2021-01-14_11-22-20-030_64B35840-IRN.jpg,3,6435840,f,7714722,l,2831630,g,None,None,None,None
2021-01-14_11-22-25-005_12666618-IRN.jpg,0,None,None,None,None,None,None,None,None,None,None
2021-01-14_11-22-30-034_99G58588-IRN.jpg,1,9958588,r,None,None,None,None,None,None,None,None
2021-01-14_11-23-36-040_11463234-IRN.jpg,1,9958588,r,None,None,None,None,None,None,None,None
2021-01-14_11-23-41-194_67E93344-IRN.jpg,2,6793344,u,9958588,r,None,None,None,None,None,None
2021-01-14_11-23-44-220_24T87355-IRN.jpg,1,6793244,u,None,None,None,None,None,None,None,None
2021-01-14_11-23-54-273_76X86622-IRN.jpg,1,7686622,j,None,None,None,None,None,None,None,None
2021-01-14_11-25-44-698_63H27524-IRN.jpg,1,6327522,i,None,None,None,None,None,None,None,None
2021-01-14_11-26-11-240_63H27522-IRN.jpg,1,6327522,i,None,None,None,None,None,None,None,None
2021-01-14_11-26-28-312_83T32722-IRN.jpg,1,8332722,x,None,None,None,None,None,None,None,None
2021-01-14_11-26-31-664_67L97888-IRN.jpg,1,6797888,g,None,None,None,None,None,None,None,None
2021-01-14_11-27-25-554_14E15155-IRN.jpg,1,1415155,u,None,None,None,None,None,None,None,None
2021-01-14_11-27-34-402_96H87499-IRN.jpg,2,9687999,i,1415155,u,None,None,None,None,None,None
2021-01-14_11-28-01-560_87H87933-IRN.jpg,1,8787933,i,None,None,None,None,None,None,None,None
2021-01-14_11-28-02-880_91M95488-IRN.jpg,1,8787933,i,None,None,None,None,None,None,None,None
2021-01-14_11-28-03-951_77H74644-IRN.jpg,3,7774644,i,9195488,l,8787933,i,None,None,None,None
2021-01-14_11-28-07-382_17N87333-IRN.jpg,2,8667110,l,1787333,j,None,None,None,None,None,None
2021-01-14_11-29-20-218_66G67622-IRN.jpg,3,6667622,r,8565844,u,2284111,i,None,None,None,None
2021-01-14_11-29-22-830_66G69177-IRN.jpg,2,6669177,r,6667622,r,None,None,None,None,None,None
2021-01-14_11-29-25-428_93L45738-IRN.jpg,2,9345738,g,6669177,r,None,None,None,None,None,None
2021-01-14_11-29-27-777_14E58455-IRN.jpg,2,9345738,g,1158155,u,None,None,None,None,None,None
2021-01-14_11-29-32-842_14G48788-IRN.jpg,1,1448788,r,None,None,None,None,None,None,None,None
2021-01-14_11-30-32-632_82J94922-IRN.jpg,2,1448788,r,8294922,z,None,None,None,None,None,None
2021-01-14_11-30-36-346_61G45638-IRN.jpg,2,6145638,r,8294922,z,None,None,None,None,None,None
2021-01-14_11-30-39-683_56V73588-IRN.jpg,1,5673588,b,None,None,None,None,None,None,None,None
2021-01-14_11-30-58-545_45G49722-IRN.jpg,1,4549722,j,None,None,None,None,None,None,None,None
2021-01-14_11-31-52-270_45N49722-IRN.jpg,1,4549722,j,None,None,None,None,None,None,None,None
2021-01-14_11-32-05-709_66M18399-IRN.jpg,2,6618399,l,4549722,j,None,None,None,None,None,None
2021-01-14_11-32-08-913_33Y85699-IRN.jpg,3,3385699,d,6618399,l,2961255,i,None,None,None,None
2021-01-14_11-32-10-875_88B24510-IRN.jpg,3,8824510,f,3385699,d,5766788,l,None,None,None,None
2021-01-14_11-32-13-537_12N46334-IRN.jpg,2,1236333,k,8824510,f,None,None,None,None,None,None
2021-01-14_11-32-57-411_31C65344-IRN.jpg,1,3165344,s,None,None,None,None,None,None,None,None
2021-01-14_11-33-54-259_84G69233-IRN.jpg,0,None,None,None,None,None,None,None,None,None,None
2021-01-14_11-33-55-468_13838499-IRN.jpg,1,8469233,j,None,None,None,None,None,None,None,None
2021-01-14_11-33-56-588_22H58833-IRN.jpg,1,2258833,i,None,None,None,None,None,None,None,None
2021-01-14_11-33-59-263_22T52230-IRN.jpg,1,2252220,x,None,None,None,None,None,None,None,None
2021-01-14_11-34-03-118_61N66522-IRN.jpg,1,6166522,j,None,None,None,None,None,None,None,None
2021-01-14_11-34-22-228_23V24622-IRN.jpg,1,2324622,b,None,None,None,None,None,None,None,None
2021-01-14_11-34-27-485_28H26255-IRN.jpg,2,2324622,b,2826255,i,None,None,None,None,None,None
2021-01-14_11-34-50-266_28H26255-IRN.jpg,2,2324622,b,2826255,i,None,None,None,None,None,None
2021-01-14_11-35-27-654_83V85233-IRN.jpg,3,8385233,b,2324622,b,2826255,i,None,None,None,None
2021-01-14_11-35-30-933_61L31922-IRN.jpg,2,6131922,g,8385233,b,None,None,None,None,None,None
2021-01-14_11-35-33-048_35X62411-IRN.jpg,1,6131922,g,None,None,None,None,None,None,None,None
2021-01-14_11-35-35-215_96C49310-IRN.jpg,2,9649310,s,3562411,j,None,None,None,None,None,None
2021-01-14_11-36-21-090_36H57599-IRN.jpg,1,3657599,i,None,None,None,None,None,None,None,None
2021-01-14_11-37-10-476_35S98355-IRN.jpg,2,3598355,w,3657599,i,None,None,None,None,None,None
2021-01-14_11-37-12-664_39M72720-IRN.jpg,3,3598355,w,3972720,l,2854710,z,None,None,None,None
2021-01-14_11-37-15-022_28J54710-IRN.jpg,2,2854710,z,3972720,l,None,None,None,None,None,None
2021-01-14_11-37-16-544_37T68644-IRN.jpg,2,3768644,x,2854710,z,None,None,None,None,None,None
2021-01-14_11-37-19-263_48L51656-IRN.jpg,2,4851656,g,3768644,x,None,None,None,None,None,None
2021-01-14_11-37-22-016_64L23488-IRN.jpg,2,6423488,g,4851656,g,None,None,None,None,None,None
2021-01-14_11-37-25-799_75L42888-IRN.jpg,1,7542888,g,None,None,None,None,None,None,None,None
2021-01-14_11-38-48-053_85G95138-IRN.jpg,1,2223522,j,None,None,None,None,None,None,None,None
2021-01-14_11-38-49-845_25J68622-IRN.jpg,3,2568622,z,8595138,r,2223522,j,None,None,None,None
2021-01-14_11-38-57-738_75V95266-IRN.jpg,1,7595266,b,None,None,None,None,None,None,None,None
2021-01-14_11-39-28-750_36M43533-IRN.jpg,1,3643533,l,None,None,None,None,None,None,None,None
2021-01-14_11-39-59-659_56G44842-IRN.jpg,1,5644822,j,None,None,None,None,None,None,None,None
2021-01-14_11-40-07-237_65G75722-IRN.jpg,1,6575722,j,None,None,None,None,None,None,None,None
2021-01-14_11-40-11-995_37X13222-IRN.jpg,2,3713222,j,9621324,l,None,None,None,None,None,None
2021-01-14_11-40-12-536_96M21324-IRN.jpg,1,3713222,j,None,None,None,None,None,None,None,None
2021-01-14_11-40-24-990_49D87855-IRN.jpg,5,4987855,n,1111111,g,1111111,g,1111111,g,1111111,g
2021-01-14_11-41-23-508_68E31478-IRN.jpg,2,8265433,w,4987855,n,None,None,None,None,None,None
2021-01-14_11-41-23-712_83C65433-IRN.jpg,2,8265433,w,4987855,n,None,None,None,None,None,None
2021-01-14_11-41-25-353_99J72140-IRN.jpg,2,8265433,w,6831478,u,None,None,None,None,None,None
2021-01-14_11-41-29-010_84G29977-IRN.jpg,1,8429977,r,None,None,None,None,None,None,None,None
2021-01-14_11-42-01-074_47V27844-IRN.jpg,1,4727844,b,None,None,None,None,None,None,None,None
2021-01-14_11-42-06-518_21M42910-IRN.jpg,2,4727844,b,2142910,l,None,None,None,None,None,None
2021-01-14_11-42-54-622_43J67933-IRN.jpg,2,4727844,b,5189999,b,None,None,None,None,None,None
2021-01-14_11-42-55-163_51V89999-IRN.jpg,3,5189999,b,4727844,b,4367933,z,None,None,None,None
2021-01-14_11-43-19-099_61C97666-IRN.jpg,1,6197666,w,None,None,None,None,None,None,None,None
2021-01-14_11-43-32-755_69V68920-IRN.jpg,2,6968920,b,6197666,w,None,None,None,None,None,None
2021-01-14_11-44-13-667_87J21940-IRN.jpg,2,8721940,z,6197666,w,None,None,None,None,None,None
2021-01-14_11-44-17-724_59E79444-IRN.jpg,1,5979444,u,None,None,None,None,None,None,None,None
2021-01-14_11-44-19-694_81E95744-IRN.jpg,1,8195744,u,None,None,None,None,None,None,None,None
2021-01-14_11-44-23-629_52H64120-IRN.jpg,2,8195744,u,5264120,i,None,None,None,None,None,None
2021-01-14_11-44-28-879_71G81822-IRN.jpg,1,7181822,j,None,None,None,None,None,None,None,None
2021-01-14_13-04-22-692_31C66499-IRN.jpg,0,None,None,None,None,None,None,None,None,None,None
2021-01-14_13-04-41-174_17X21422-IRN.jpg,2,1721422,j,3166499,s,None,None,None,None,None,None
2021-01-14_13-05-24-005_13457178-IRN.jpg,1,3166499,s,None,None,None,None,None,None,None,None
2021-01-14_13-05-49-848_49H29915-IRN.jpg,2,1721422,j,4929915,i,None,None,None,None,None,None
2021-01-14_13-05-52-509_58H29599-IRN.jpg,2,5829599,i,4929915,i,None,None,None,None,None,None
2021-01-14_13-05-53-891_29B73388-IRN.jpg,4,4929915,i,5829599,i,2973388,f,8664266,l,None,None
2021-01-14_13-05-56-460_68N25488-IRN.jpg,2,6825488,k,5829599,i,None,None,None,None,None,None
2021-01-14_13-05-58-606_84J36630-IRN.jpg,2,8436630,z,6825488,k,None,None,None,None,None,None
2021-01-14_13-06-00-263_35D84220-IRN.jpg,2,3584220,n,8436630,z,None,None,None,None,None,None
2021-01-14_13-06-06-582_42N86366-IRN.jpg,1,4286366,k,None,None,None,None,None,None,None,None
2021-01-14_13-07-20-269_42N86366-IRN.jpg,1,4286366,k,None,None,None,None,None,None,None,None
2021-01-14_13-07-20-321_43M37878-IRN.jpg,1,4286366,k,None,None,None,None,None,None,None,None
2021-01-14_13-07-22-835_13288383-IRN.jpg,1,4337878,l,None,None,None,None,None,None,None,None
2021-01-14_13-07-24-030_44V54922-IRN.jpg,2,4286366,k,4454922,b,None,None,None,None,None,None
2021-01-14_13-07-28-471_75H68320-IRN.jpg,3,4454922,b,5139544,x,7568320,i,None,None,None,None
2021-01-14_13-07-32-826_66D67740-IRN.jpg,1,6667740,n,None,None,None,None,None,None,None,None
2021-01-15_07-35-22-997_66M64872-IRN.jpg,0,None,None,None,None,None,None,None,None,None,None
2021-01-15_07-35-29-314_57T95310-IRN.jpg,1,5795310,x,None,None,None,None,None,None,None,None
2021-01-15_07-35-30-175_96J89399-IRN.jpg,2,9689399,z,5795310,x,None,None,None,None,None,None
2021-01-15_07-38-23-422_47H71470-IRN.jpg,1,4771420,i,None,None,None,None,None,None,None,None
2021-01-15_07-39-11-102_26B19855-IRN.jpg,1,2619855,f,None,None,None,None,None,None,None,None
2021-01-15_07-40-02-965_66M18836-IRN.jpg,1,6618836,l,None,None,None,None,None,None,None,None
2021-01-15_07-40-11-556_19H11922-IRN.jpg,2,1911922,i,6618836,l,None,None,None,None,None,None
2021-01-15_07-41-18-172_81G84922-IRN.jpg,1,8184922,r,None,None,None,None,None,None,None,None
2021-01-15_07-41-51-458_78M82278-IRN.jpg,1,7882278,l,None,None,None,None,None,None,None,None
2021-01-15_07-43-16-239_53L59322-IRN.jpg,1,5359322,g,None,None,None,None,None,None,None,None
2021-01-15_07-45-24-484_26J25732-IRN.jpg,2,5126766,f,2625722,z,None,None,None,None,None,None
2021-01-15_07-45-25-969_51B26766-IRN.jpg,2,5126766,f,2625722,z,None,None,None,None,None,None
2021-01-15_07-45-42-795_44J89955-IRN.jpg,1,4489955,z,None,None,None,None,None,None,None,None
2021-01-15_07-47-14-955_22D36822-IRN.jpg,0,None,None,None,None,None,None,None,None,None,None
2021-01-15_07-47-18-394_87B42299-IRN.jpg,2,8742299,f,2236822,n,None,None,None,None,None,None
2021-01-15_07-47-22-497_22D36833-IRN.jpg,2,8742299,f,2236822,n,None,None,None,None,None,None
2021-01-15_07-47-26-209_87G52422-IRN.jpg,1,8752422,j,None,None,None,None,None,None,None,None
2021-01-15_07-47-37-314_88G97955-IRN.jpg,1,8897955,r,None,None,None,None,None,None,None,None
2021-01-15_07-49-15-108_36J61477-IRN.jpg,1,3661477,z,None,None,None,None,None,None,None,None
2021-01-15_07-50-34-534_18C79255-IRN.jpg,1,1879255,w,None,None,None,None,None,None,None,None
2021-01-15_07-52-57-414_87V31788-IRN.jpg,1,8731788,b,None,None,None,None,None,None,None,None
2021-01-15_07-53-15-507_19C66511-IRN.jpg,2,1966511,s,8731788,b,None,None,None,None,None,None
2021-01-15_07-54-15-373_69H41820-IRN.jpg,2,6941720,i,2573455,f,None,None,None,None,None,None
2021-01-15_07-54-48-396_96C69466-IRN.jpg,1,9669466,w,None,None,None,None,None,None,None,None
2021-01-15_07-54-52-413_51Y46288-IRN.jpg,2,5146288,d,9669466,w,None,None,None,None,None,None
2021-01-15_07-55-28-572_97B86677-IRN.jpg,1,9786677,f,None,None,None,None,None,None,None,None
2021-01-15_07-56-54-072_43G52366-IRN.jpg,2,4352366,r,7771911,f,None,None,None,None,None,None
2021-01-15_07-57-26-064_77B71911-IRN.jpg,2,7771911,f,4352366,r,None,None,None,None,None,None
2021-01-15_07-57-28-793_52C29220-IRN.jpg,1,5229220,w,None,None,None,None,None,None,None,None
2021-01-15_07-57-44-733_64C27211-IRN.jpg,1,6427211,w,None,None,None,None,None,None,None,None
2021-01-15_07-58-58-601_39G88211-IRN.jpg,1,3988211,j,None,None,None,None,None,None,None,None
2021-01-15_08-00-47-244_15C99143-IRN.jpg,5,1599143,s,1111111,g,1111111,g,1111111,g,1111111,g
2021-01-15_08-53-16-288_93J69499-IRN.jpg,1,5944855,x,None,None,None,None,None,None,None,None
2021-01-15_08-54-03-664_13967513-IRN.jpg,0,None,None,None,None,None,None,None,None,None,None
2021-01-15_08-54-49-955_61C26744-IRN.jpg,1,6126744,s,None,None,None,None,None,None,None,None
2021-01-15_08-55-04-624_88D59940-IRN.jpg,2,8859940,n,6126744,s,None,None,None,None,None,None
2021-01-15_08-55-26-050_43J98240-IRN.jpg,3,6126744,s,4298240,z,8859940,n,None,None,None,None
2021-01-15_08-55-56-765_86M69424-IRN.jpg,1,8669422,l,None,None,None,None,None,None,None,None
2021-01-15_08-56-22-265_91H63968-IRN.jpg,2,9163968,i,8669422,l,None,None,None,None,None,None
2021-01-15_08-56-25-060_61Y78920-IRN.jpg,1,6178920,d,None,None,None,None,None,None,None,None
2021-01-15_08-56-58-494_18T88344-IRN.jpg,1,1888344,x,None,None,None,None,None,None,None,None
2021-01-15_08-57-21-201_56X67542-IRN.jpg,0,None,None,None,None,None,None,None,None,None,None
2021-01-15_08-58-48-611_61C57722-IRN.jpg,1,6157722,w,None,None,None,None,None,None,None,None
2021-01-15_08-58-53-130_23N43710-IRN.jpg,1,2343710,k,None,None,None,None,None,None,None,None
2021-01-15_08-59-14-047_61S57722-IRN.jpg,2,2343710,k,6157722,w,None,None,None,None,None,None
2021-01-15_09-00-21-091_28D38322-IRN.jpg,1,2838322,n,None,None,None,None,None,None,None,None
2021-01-15_09-00-55-988_43H72566-IRN.jpg,1,4372566,i,None,None,None,None,None,None,None,None
2021-01-15_09-02-11-026_13884856-IRN.jpg,0,None,None,None,None,None,None,None,None,None,None
2021-01-15_09-02-32-097_18G99222-IRN.jpg,1,1899222,j,None,None,None,None,None,None,None,None
2021-01-15_09-03-00-776_77B27246-IRN.jpg,1,7727266,f,None,None,None,None,None,None,None,None
2021-01-15_09-03-28-332_77B27246-IRN.jpg,1,7727266,f,None,None,None,None,None,None,None,None
2021-01-15_09-03-49-419_38N35599-IRN.jpg,1,7727246,f,None,None,None,None,None,None,None,None
2021-01-15_09-04-25-851_52N39120-IRN.jpg,3,3835599,k,7727266,f,5239120,k,None,None,None,None
2021-01-15_09-04-35-433_88L67999-IRN.jpg,1,8867999,g,None,None,None,None,None,None,None,None
2021-01-15_09-05-26-483_56G15220-IRN.jpg,2,5615220,r,8867999,g,None,None,None,None,None,None
2021-01-15_09-05-29-695_52C86820-IRN.jpg,2,5286820,s,5615220,r,None,None,None,None,None,None
2021-01-15_09-06-45-454_45Y13910-IRN.jpg,1,4513910,d,None,None,None,None,None,None,None,None
2021-01-15_09-07-37-687_53N95822-IRN.jpg,1,5395822,k,None,None,None,None,None,None,None,None
2021-01-15_09-09-20-087_32M66744-IRN.jpg,1,3266744,l,None,None,None,None,None,None,None,None
2021-01-15_09-09-22-382_66L21844-IRN.jpg,1,6621844,g,None,None,None,None,None,None,None,None
2021-01-15_09-11-38-639_82M65533-IRN.jpg,1,8265533,l,None,None,None,None,None,None,None,None
2021-01-15_09-12-11-590_96C69466-IRN.jpg,2,9669466,w,8265533,l,None,None,None,None,None,None
2021-01-15_09-12-26-537_72T78920-IRN.jpg,3,7278920,x,9669466,w,8265533,l,None,None,None,None
2021-01-15_09-12-46-076_85H97691-IRN.jpg,1,8597699,i,None,None,None,None,None,None,None,None
2021-01-15_09-13-18-294_86G27922-IRN.jpg,2,8627922,j,8597699,i,None,None,None,None,None,None
2021-01-15_09-13-21-606_85H97699-IRN.jpg,2,8597699,i,8627922,j,None,None,None,None,None,None
2021-01-15_09-14-46-238_67V61433-IRN.jpg,0,None,None,None,None,None,None,None,None,None,None
2021-01-15_09-14-48-003_74G77522-IRN.jpg,2,7477522,j,6761433,b,None,None,None,None,None,None
2021-01-15_09-15-58-810_12H95899-IRN.jpg,1,1295899,i,None,None,None,None,None,None,None,None
2021-01-15_09-16-13-328_19C79577-IRN.jpg,2,1979577,w,1295899,i,None,None,None,None,None,None
2021-01-15_09-16-31-941_84H57399-IRN.jpg,1,8457399,i,None,None,None,None,None,None,None,None
2021-01-15_09-16-49-452_59D14222-IRN.jpg,1,5914222,n,None,None,None,None,None,None,None,None
2021-01-15_09-17-03-014_92G41755-IRN.jpg,2,9241755,r,5914222,n,None,None,None,None,None,None
2021-01-15_09-18-15-216_84C46822-IRN.jpg,1,8446822,w,None,None,None,None,None,None,None,None
2021-01-15_09-18-22-372_32J38755-IRN.jpg,2,8446822,s,3238755,z,None,None,None,None,None,None
2021-01-15_09-18-26-301_51L71355-IRN.jpg,1,5171355,g,None,None,None,None,None,None,None,None
2021-01-15_09-18-47-995_95J41487-IRN.jpg,0,None,None,None,None,None,None,None,None,None,None
2021-01-15_09-18-52-736_57G62122-IRN.jpg,2,5762122,j,9541487,z,None,None,None,None,None,None
2021-01-15_09-19-27-757_93D49566-IRN.jpg,2,9349566,n,9541487,z,None,None,None,None,None,None
2021-01-15_09-19-33-972_39D26399-IRN.jpg,1,3926399,n,None,None,None,None,None,None,None,None
2021-01-15_10-03-17-670_13J55155-IRN.jpg,1,1355155,z,None,None,None,None,None,None,None,None
2021-01-15_10-03-43-326_61D76910-IRN.jpg,2,6176910,n,1355155,z,None,None,None,None,None,None
2021-01-15_10-04-07-311_67B29222-IRN.jpg,3,6176910,n,6729222,f,1355155,z,None,None,None,None
2021-01-15_10-04-11-571_61D76910-IRN.jpg,1,6176910,n,None,None,None,None,None,None,None,None
2021-01-15_10-04-12-088_13823182-IRN.jpg,1,6176910,n,None,None,None,None,None,None,None,None
2021-01-15_10-04-13-129_49H42722-IRN.jpg,2,4942722,i,6176910,n,None,None,None,None,None,None
2021-01-15_10-04-20-182_59L69632-IRN.jpg,1,5969622,g,None,None,None,None,None,None,None,None
2021-01-15_10-05-27-439_78D71655-IRN.jpg,2,7871655,n,5969622,g,None,None,None,None,None,None
2021-01-15_10-05-30-061_56B23366-IRN.jpg,2,5623366,f,7871655,n,None,None,None,None,None,None
2021-01-15_10-05-30-988_18J56499-IRN.jpg,3,1856499,z,5623366,f,7871655,n,None,None,None,None
2021-01-15_10-06-18-215_29T79220-IRN.jpg,1,2979220,x,None,None,None,None,None,None,None,None
2021-01-15_10-06-29-435_77M42399-IRN.jpg,5,7742399,l,7742399,l,1111111,u,1111111,u,1111111,i
2021-01-15_10-07-11-833_68J23222-IRN.jpg,1,6823222,z,None,None,None,None,None,None,None,None
2021-01-15_10-07-14-544_66G67622-IRN.jpg,2,6667622,r,6823222,z,None,None,None,None,None,None
2021-01-15_10-08-16-826_52H95766-IRN.jpg,3,6667622,r,5295766,i,6823222,z,None,None,None,None
2021-01-15_10-08-18-824_92J95799-IRN.jpg,3,5295766,i,9295799,z,5795599,f,None,None,None,None
2021-01-15_10-08-21-413_75G85966-IRN.jpg,2,7585966,r,9295799,z,None,None,None,None,None,None
2021-01-15_10-08-24-213_81N91966-IRN.jpg,1,8191966,k,None,None,None,None,None,None,None,None
2021-01-15_10-08-27-897_16H46620-IRN.jpg,1,1646620,i,None,None,None,None,None,None,None,None
2021-01-15_10-08-36-987_47B36699-IRN.jpg,2,1646620,i,4736699,f,None,None,None,None,None,None
2021-01-15_10-09-37-763_78G26522-IRN.jpg,2,6427211,w,7826522,r,None,None,None,None,None,None
2021-01-15_10-09-38-478_64C27211-IRN.jpg,2,6427211,w,7826522,r,None,None,None,None,None,None
2021-01-15_10-09-41-694_45D25510-IRN.jpg,2,4525510,n,6427211,w,None,None,None,None,None,None
2021-01-15_10-09-44-909_46G15477-IRN.jpg,1,4615477,r,None,None,None,None,None,None,None,None
2021-01-15_11-11-00-352_71J18922-IRN.jpg,2,7118922,z,6696521,d,None,None,None,None,None,None
2021-01-15_11-11-14-818_51V52720-IRN.jpg,3,6696521,d,5152720,b,7118922,z,None,None,None,None
2021-01-15_11-11-30-873_84B23191-IRN.jpg,1,8423199,f,None,None,None,None,None,None,None,None
2021-01-15_11-12-27-348_14162921-IRN.jpg,0,None,None,None,None,None,None,None,None,None,None
2021-01-15_11-12-39-451_74C85322-IRN.jpg,1,7485322,s,None,None,None,None,None,None,None,None
2021-01-15_11-12-41-148_54N92955-IRN.jpg,2,5492955,k,7485322,s,None,None,None,None,None,None
2021-01-15_11-12-43-572_18B26522-IRN.jpg,2,1826522,f,5492955,k,None,None,None,None,None,None
2021-01-15_11-12-45-789_11M46344-IRN.jpg,2,5826522,f,1146344,l,None,None,None,None,None,None
2021-01-15_11-12-47-847_24V28166-IRN.jpg,2,3328166,b,1146344,l,None,None,None,None,None,None
2021-01-15_11-12-49-493_44D41620-IRN.jpg,3,3328166,b,4441620,n,1146344,l,None,None,None,None
2021-01-15_11-13-08-485_73L69333-IRN.jpg,0,None,None,None,None,None,None,None,None,None,None
2021-01-15_11-13-10-709_61S95922-IRN.jpg,2,6195922,w,7369322,g,None,None,None,None,None,None
2021-01-15_11-14-01-281_52V13722-IRN.jpg,3,6195922,w,7369322,g,5213722,b,None,None,None,None
2021-01-15_11-14-04-308_52M15577-IRN.jpg,2,5215577,l,5213722,b,None,None,None,None,None,None
2021-01-15_11-14-16-889_33V93110-IRN.jpg,1,3393110,b,None,None,None,None,None,None,None,None
2021-01-15_11-14-33-920_34V92110-IRN.jpg,2,3393110,b,6537877,b,None,None,None,None,None,None
2021-01-15_11-14-37-182_43V93110-IRN.jpg,2,3393110,b,6537877,b,None,None,None,None,None,None
2021-01-15_11-15-26-077_43V93110-IRN.jpg,2,3393110,b,6537877,b,None,None,None,None,None,None
2021-01-15_11-16-19-067_51T59411-IRN.jpg,1,5195411,c,None,None,None,None,None,None,None,None
2021-01-15_11-16-55-071_14H89599-IRN.jpg,2,1489599,i,5159411,c,None,None,None,None,None,None
2021-01-15_11-16-58-120_89D26310-IRN.jpg,2,3444277,r,1489599,i,None,None,None,None,None,None
2021-01-15_11-16-59-302_66Y75422-IRN.jpg,4,6437922,s,6675422,d,8926310,r,8926310,n,None,None
2021-01-15_11-16-59-943_64C37922-IRN.jpg,4,6437922,s,6675422,d,8926210,r,8926210,n,None,None
2021-01-15_11-17-01-975_14N85316-IRN.jpg,3,1485916,k,6437922,s,6675422,d,None,None,None,None
2021-01-15_13-26-37-003_99S58999-IRN.jpg,3,9958999,w,2123578,n,8594622,r,None,None,None,None
2021-01-15_13-26-38-966_53J18620-IRN.jpg,2,5318620,z,9958999,w,None,None,None,None,None,None
2021-01-15_13-27-08-555_98G41833-IRN.jpg,1,9841833,r,None,None,None,None,None,None,None,None
2021-01-15_13-27-44-419_18S41122-IRN.jpg,2,1841122,w,9841833,r,None,None,None,None,None,None
2021-01-15_13-27-55-044_98G41833-IRN.jpg,2,1841122,w,9841833,r,None,None,None,None,None,None
2021-01-15_13-28-18-689_62B32555-IRN.jpg,4,9545920,g,6232555,f,9841833,r,1841122,w,None,None
2021-01-15_13-28-19-567_95L45920-IRN.jpg,4,9545920,g,6232555,f,1841122,w,9841822,r,None,None
2021-01-15_13-28-24-404_51B63140-IRN.jpg,2,5415744,i,9545920,g,None,None,None,None,None,None
2021-01-15_13-28-24-663_54H15744-IRN.jpg,2,5415744,i,9545920,g,None,None,None,None,None,None
2021-01-15_13-28-27-392_16C87755-IRN.jpg,2,1687755,s,5163140,f,None,None,None,None,None,None
2021-01-15_13-28-30-851_11947262-IRN.jpg,0,None,None,None,None,None,None,None,None,None,None
2021-01-15_13-28-40-602_62V72420-IRN.jpg,5,6272420,b,1111111,l,1111111,k,1111111,k,1111111,l
2021-01-15_13-28-42-250_81B69822-IRN.jpg,2,8169822,f,6272420,b,None,None,None,None,None,None
2021-01-15_13-30-08-118_35M77377-IRN.jpg,3,8169822,f,3577377,l,8472977,g,None,None,None,None
2021-01-15_13-30-10-554_81C13993-IRN.jpg,2,8113993,s,3577377,l,None,None,None,None,None,None
2021-01-15_13-30-19-129_29N89633-IRN.jpg,1,2989633,k,None,None,None,None,None,None,None,None
2021-01-15_13-30-35-383_56S33544-IRN.jpg,1,5633544,w,None,None,None,None,None,None,None,None
2021-01-15_13-30-59-521_61X95511-IRN.jpg,2,6195511,e,5633544,w,None,None,None,None,None,None
2021-01-15_13-31-42-224_62Y45810-IRN.jpg,2,6245810,d,6195511,e,None,None,None,None,None,None
2021-01-15_13-31-44-108_47C19677-IRN.jpg,4,1852622,j,4719677,s,6245810,d,1111111,u,None,None
2021-01-15_13-31-45-397_18G52643-IRN.jpg,2,1852622,j,4719677,s,None,None,None,None,None,None
2021-01-15_13-31-47-809_73N51720-IRN.jpg,1,7351720,k,None,None,None,None,None,None,None,None
2021-01-15_13-31-52-416_15S25799-IRN.jpg,0,None,None,None,None,None,None,None,None,None,None
2021-01-15_13-32-05-645_74T92866-IRN.jpg,1,7492866,x,None,None,None,None,None,None,None,None
2021-01-15_13-32-13-977_45D62130-IRN.jpg,2,7492866,x,4562130,n,None,None,None,None,None,None
2021-01-15_13-33-25-418_95G36333-IRN.jpg,3,4562130,n,9536333,j,7492866,x,None,None,None,None
2021-01-15_13-33-28-217_84L29777-IRN.jpg,3,8429777,g,7492866,x,9536333,j,None,None,None,None
2021-01-15_13-33-31-746_17N39499-IRN.jpg,2,1739499,k,8429777,g,None,None,None,None,None,None
2021-01-15_13-33-33-781_12D79233-IRN.jpg,2,1279233,n,1739499,k,None,None,None,None,None,None
2021-01-15_13-33-35-637_25N64599-IRN.jpg,2,1279233,n,2564599,k,None,None,None,None,None,None
2021-01-15_13-33-38-869_39G69730-IRN.jpg,0,None,None,None,None,None,None,None,None,None,None
2021-01-15_13-33-41-867_85N19833-IRN.jpg,1,8519833,k,None,None,None,None,None,None,None,None
2021-01-15_13-58-23-870_58J49469-IRN.jpg,1,5849469,z,None,None,None,None,None,None,None,None
2021-01-15_13-58-26-569_38L73539-IRN.jpg,1,3873599,k,None,None,None,None,None,None,None,None
2021-01-15_13-58-29-533_14N57820-IRN.jpg,1,1457820,k,None,None,None,None,None,None,None,None
2021-01-15_13-59-05-585_14N57820-IRN.jpg,1,1457820,k,None,None,None,None,None,None,None,None
2021-01-15_13-59-58-277_49B14740-IRN.jpg,2,1457820,k,4914740,f,None,None,None,None,None,None
2021-01-15_14-00-02-671_83J91255-IRN.jpg,4,8391255,z,1457820,k,1717355,d,4914740,f,None,None
2021-01-15_14-00-04-622_72C91566-IRN.jpg,3,7291566,s,8391255,z,5936984,s,None,None,None,None
2021-01-15_14-00-07-700_74B13277-IRN.jpg,2,7413277,f,4826149,s,None,None,None,None,None,None
2021-01-15_14-00-10-424_44L57988-IRN.jpg,2,4457988,g,7413277,f,None,None,None,None,None,None
2021-01-15_14-01-02-201_75D57222-IRN.jpg,1,7557222,n,None,None,None,None,None,None,None,None
2021-01-15_14-01-04-373_88D55140-IRN.jpg,1,7557222,n,None,None,None,None,None,None,None,None
2021-01-15_14-01-23-186_17G18610-IRN.jpg,3,1718610,r,8855140,n,7557222,n,None,None,None,None
2021-01-15_14-01-32-667_72Y13520-IRN.jpg,1,3828177,n,None,None,None,None,None,None,None,None
2021-01-15_14-02-02-028_78B98120-IRN.jpg,1,7898120,f,None,None,None,None,None,None,None,None
2021-01-15_14-02-51-537_66T86311-IRN.jpg,2,7898120,f,6686311,x,None,None,None,None,None,None
2021-01-15_14-02-53-784_37N49588-IRN.jpg,2,3749588,k,6686311,x,None,None,None,None,None,None
2021-01-15_14-02-54-767_25V95844-IRN.jpg,3,2595844,b,3749588,k,6686311,x,None,None,None,None
2021-01-15_14-02-56-556_22G85122-IRN.jpg,3,2595844,b,2285122,r,3749588,k,None,None,None,None
2021-01-15_14-02-58-068_65S25333-IRN.jpg,2,2285122,r,6525333,w,None,None,None,None,None,None
2021-01-15_14-03-01-008_55T18499-IRN.jpg,1,5518499,x,None,None,None,None,None,None,None,None
2021-01-15_14-03-33-828_61X95511-IRN.jpg,1,6195511,e,None,None,None,None,None,None,None,None
2021-01-15_14-03-49-645_19D49455-IRN.jpg,2,1949455,n,6195511,e,None,None,None,None,None,None
2021-01-15_14-04-19-013_33J59140-IRN.jpg,2,1949455,n,3359140,z,None,None,None,None,None,None
2021-01-15_14-04-22-054_66T48855-IRN.jpg,1,3359140,z,None,None,None,None,None,None,None,None
2021-01-15_14-04-24-404_39M31438-IRN.jpg,2,6648855,x,3931438,l,None,None,None,None,None,None
2021-01-15_14-04-52-269_66D85788-IRN.jpg,1,6685788,n,None,None,None,None,None,None,None,None
2021-01-15_14-05-37-627_14294481-IRN.jpg,1,6685788,n,None,None,None,None,None,None,None,None
2021-01-15_14-05-55-817_17M34610-IRN.jpg,3,3162733,j,6685788,n,1734610,l,None,None,None,None
2021-01-15_14-05-57-754_84L22499-IRN.jpg,1,1734610,l,None,None,None,None,None,None,None,None
2021-01-15_14-05-59-021_96C51387-IRN.jpg,3,9651387,s,8422499,g,1734610,l,None,None,None,None
2021-01-15_14-06-00-119_36D98720-IRN.jpg,1,9651387,s,None,None,None,None,None,None,None,None
2021-01-15_14-06-02-607_32D37244-IRN.jpg,1,3237244,n,None,None,None,None,None,None,None,None
2021-01-15_16-26-29-320_18M71720-IRN.jpg,2,1871720,l,8458555,b,None,None,None,None,None,None
2021-01-15_16-26-31-825_51T33110-IRN.jpg,3,5133110,x,1871720,l,8226716,x,None,None,None,None
2021-01-15_16-26-34-383_52L51138-IRN.jpg,2,5133110,x,5251138,g,None,None,None,None,None,None
2021-01-15_16-26-36-232_81V45349-IRN.jpg,1,5251138,g,None,None,None,None,None,None,None,None
2021-01-15_16-26-59-989_98Y67155-IRN.jpg,1,9867155,d,None,None,None,None,None,None,None,None
2021-01-15_16-27-08-055_19B78440-IRN.jpg,2,1978440,f,9867155,d,None,None,None,None,None,None
2021-01-15_16-28-01-177_27C72288-IRN.jpg,4,6355622,w,2772288,w,1978440,f,9867155,d,None,None
2021-01-15_16-28-04-660_22B27422-IRN.jpg,3,2227422,f,6355622,w,2772288,w,None,None,None,None
2021-01-15_16-28-06-459_11L82297-IRN.jpg,2,6355622,w,2227422,f,None,None,None,None,None,None
2021-01-15_16-28-30-611_59D19722-IRN.jpg,2,5919722,n,2984416,w,None,None,None,None,None,None
2021-01-15_16-29-38-335_36M18755-IRN.jpg,2,3618755,l,5919722,n,None,None,None,None,None,None
2021-01-15_16-29-39-875_77J79177-IRN.jpg,2,7779177,z,3618755,l,None,None,None,None,None,None
2021-01-15_16-29-41-265_71V15920-IRN.jpg,2,7779177,z,3618755,l,None,None,None,None,None,None
2021-01-15_16-29-43-334_96C37311-IRN.jpg,3,7115920,b,9637311,s,7779177,z,None,None,None,None
2021-01-15_16-29-48-507_26L91866-IRN.jpg,1,2691866,g,None,None,None,None,None,None,None,None
2021-01-15_16-29-58-294_65J47311-IRN.jpg,1,6547311,z,None,None,None,None,None,None,None,None
2021-01-15_16-31-16-111_65J47311-IRN.jpg,2,6547311,z,2533755,b,None,None,None,None,None,None
2021-01-15_16-31-18-658_96Y42577-IRN.jpg,3,9642577,d,2655721,i,6547311,z,None,None,None,None
2021-01-15_16-31-18-789_26H55721-IRN.jpg,3,9642577,d,2655721,z,6547311,z,None,None,None,None
2021-01-15_16-31-21-296_63N29922-IRN.jpg,3,6329922,k,2655721,i,9642577,d,None,None,None,None
2021-01-15_16-31-22-315_43G49133-IRN.jpg,2,6329922,k,4349133,j,None,None,None,None,None,None
2021-01-15_16-31-28-571_23L82233-IRN.jpg,1,2382233,g,None,None,None,None,None,None,None,None
2021-01-15_16-31-34-049_32B37823-IRN.jpg,1,3237823,f,None,None,None,None,None,None,None,None
2021-01-15_16-31-39-299_31X84122-IRN.jpg,1,3184122,j,None,None,None,None,None,None,None,None
2021-01-15_16-32-34-064_15E43722-IRN.jpg,2,1543722,u,3184122,j,None,None,None,None,None,None
2021-01-15_16-33-28-628_71S79598-IRN.jpg,0,None,None,None,None,None,None,None,None,None,None
2021-01-15_16-33-32-359_61C49951-IRN.jpg,1,6149951,s,None,None,None,None,None,None,None,None
2021-01-15_16-33-50-782_71S79599-IRN.jpg,1,6149951,s,None,None,None,None,None,None,None,None
2021-01-15_16-33-53-699_61C49951-IRN.jpg,1,6149951,s,None,None,None,None,None,None,None,None
2021-01-15_16-34-04-397_71C79598-IRN.jpg,1,6149951,s,None,None,None,None,None,None,None,None
2021-01-15_16-34-14-238_61C49951-IRN.jpg,1,6149951,s,None,None,None,None,None,None,None,None
2021-01-15_16-34-23-239_71S79591-IRN.jpg,1,6149951,s,None,None,None,None,None,None,None,None
2021-01-14_08-12-37-670_44G78423-IRN.jpg,1,4478422,j,None,None,None,None,None,None,None,None
2021-01-14_08-12-59-182_87L39522-IRN.jpg,2,4478422,j,8739522,g,None,None,None,None,None,None
2021-01-14_08-13-17-973_57D39410-IRN.jpg,1,5739410,n,None,None,None,None,None,None,None,None
2021-01-14_08-13-20-244_12X55722-IRN.jpg,2,1255722,j,6974244,k,None,None,None,None,None,None
2021-01-14_08-13-21-284_69N74244-IRN.jpg,2,1255722,j,6974244,k,None,None,None,None,None,None
2021-01-14_08-13-21-987_23C61220-IRN.jpg,3,1255722,j,2361220,s,6974244,k,None,None,None,None
2021-01-14_08-13-23-306_15H52566-IRN.jpg,3,2361220,s,6974244,k,1552566,i,None,None,None,None
2021-01-14_08-13-26-442_86H34320-IRN.jpg,1,8634320,i,None,None,None,None,None,None,None,None
2021-01-14_08-14-33-686_87C43811-IRN.jpg,2,8634310,i,8743811,s,None,None,None,None,None,None
2021-01-14_08-14-36-621_76E85722-IRN.jpg,2,7685722,u,8743811,s,None,None,None,None,None,None
2021-01-14_08-14-38-433_14D65899-IRN.jpg,2,7685722,u,1465899,n,None,None,None,None,None,None
2021-01-14_08-14-40-177_62T19310-IRN.jpg,2,6219310,x,1465899,n,None,None,None,None,None,None
2021-01-14_08-14-44-454_35G67730-IRN.jpg,2,3567720,r,5832833,x,None,None,None,None,None,None
2021-01-14_08-15-39-601_66J42740-IRN.jpg,2,6256555,u,6642740,z,None,None,None,None,None,None
2021-01-14_08-15-39-913_62E56555-IRN.jpg,2,6256555,u,6642740,z,None,None,None,None,None,None
2021-01-14_08-15-43-091_59D48820-IRN.jpg,3,6642740,z,5948820,n,6229133,d,None,None,None,None
2021-01-14_08-15-44-561_63Y29733-IRN.jpg,2,5948820,n,6229133,d,None,None,None,None,None,None
2021-01-14_08-16-21-233_18J83522-IRN.jpg,1,1883522,z,None,None,None,None,None,None,None,None
2021-01-14_08-17-05-001_57G25833-IRN.jpg,1,5225833,j,None,None,None,None,None,None,None,None
2021-01-14_08-18-16-863_74V22966-IRN.jpg,1,7422966,q,None,None,None,None,None,None,None,None
2021-01-14_08-18-26-592_44S88322-IRN.jpg,2,7422966,b,4488322,w,None,None,None,None,None,None
2021-01-14_08-18-33-100_84S63230-IRN.jpg,1,8463220,w,None,None,None,None,None,None,None,None
2021-01-14_08-18-36-350_33G73923-IRN.jpg,2,8463220,w,3373922,j,None,None,None,None,None,None
2021-01-14_08-18-52-431_68L27922-IRN.jpg,1,6827922,g,None,None,None,None,None,None,None,None
2021-01-14_09-16-18-284_56N61622-IRN.jpg,2,2898299,b,5661622,k,None,None,None,None,None,None
2021-01-14_09-16-21-508_37X13222-IRN.jpg,1,3713222,j,None,None,None,None,None,None,None,None
2021-01-14_09-16-32-314_22G45933-IRN.jpg,1,2245922,j,None,None,None,None,None,None,None,None
2021-01-14_09-16-34-389_39B95840-IRN.jpg,2,3995840,f,2245922,j,None,None,None,None,None,None
2021-01-14_09-17-31-214_72X45922-IRN.jpg,2,3995840,f,2245922,j,None,None,None,None,None,None
2021-01-14_09-17-34-022_17E63744-IRN.jpg,2,3995840,f,1763744,u,None,None,None,None,None,None
2021-01-14_09-17-38-255_26A34433-IRN.jpg,2,7521289,n,2634433,h,None,None,None,None,None,None
2021-01-14_09-18-30-249_26C96199-IRN.jpg,1,2696199,w,None,None,None,None,None,None,None,None
2021-01-14_09-18-54-641_65G94827-IRN.jpg,1,6594822,j,None,None,None,None,None,None,None,None
2021-01-14_09-18-57-116_11678894-IRN.jpg,0,None,None,None,None,None,None,None,None,None,None
2021-01-14_09-19-33-545_97G46572-IRN.jpg,1,9746522,j,None,None,None,None,None,None,None,None
2021-01-14_09-19-46-337_31C53233-IRN.jpg,2,3153233,s,9746522,j,None,None,None,None,None,None
2021-01-14_09-20-16-887_17D48477-IRN.jpg,3,3153233,s,9746522,j,1728477,n,None,None,None,None
2021-01-14_09-20-32-442_52G79630-IRN.jpg,1,5279630,r,None,None,None,None,None,None,None,None
2021-01-14_09-21-38-639_48H95288-IRN.jpg,2,5279630,r,4895288,i,None,None,None,None,None,None
2021-01-14_09-21-39-631_83M47310-IRN.jpg,1,4895288,i,None,None,None,None,None,None,None,None
2021-01-14_09-21-41-276_66N69611-IRN.jpg,1,6669611,k,None,None,None,None,None,None,None,None
2021-01-14_09-22-29-339_13712899-IRN.jpg,0,None,None,None,None,None,None,None,None,None,None
2021-01-14_09-22-40-744_14713899-IRN.jpg,0,None,None,None,None,None,None,None,None,None,None
2021-01-14_09-23-02-731_56E86444-IRN.jpg,1,5686444,u,None,None,None,None,None,None,None,None
2021-01-14_09-23-11-835_12T97433-IRN.jpg,1,1297933,x,None,None,None,None,None,None,None,None
2021-01-14_09-23-32-381_63H96888-IRN.jpg,1,6396888,i,None,None,None,None,None,None,None,None
2021-01-14_09-24-22-604_64G87322-IRN.jpg,5,6487322,j,1111111,i,1111111,h,1111111,g,1111111,g
2021-01-14_09-24-25-193_61S75466-IRN.jpg,1,6175466,w,None,None,None,None,None,None,None,None
2021-01-14_09-24-49-500_14775447-IRN.jpg,0,None,None,None,None,None,None,None,None,None,None
2021-01-14_09-24-51-238_14B52811-IRN.jpg,1,1452811,q,None,None,None,None,None,None,None,None
2021-01-14_09-25-00-063_44475447-IRN.jpg,1,1452811,q,None,None,None,None,None,None,None,None
2021-01-14_09-25-12-243_14B52811-IRN.jpg,1,1452811,q,None,None,None,None,None,None,None,None
2021-01-14_09-25-39-888_17J21561-IRN.jpg,2,1721561,z,9145833,d,None,None,None,None,None,None
2021-01-14_09-25-59-695_69G85323-IRN.jpg,1,6985322,r,None,None,None,None,None,None,None,None
2021-01-14_09-26-36-799_47371725-IRN.jpg,1,6985322,r,None,None,None,None,None,None,None,None
2021-01-14_09-27-10-037_57G73722-IRN.jpg,3,5773722,j,6985322,r,6462622,z,None,None,None,None
2021-01-14_09-27-10-900_79J23422-IRN.jpg,4,6462622,z,6985322,r,5773722,j,7923422,z,None,None
2021-01-14_09-27-13-174_49G14633-IRN.jpg,3,5773722,j,7923422,z,4914633,j,None,None,None,None
2021-01-14_09-27-16-889_15X36843-IRN.jpg,2,4914633,j,1536822,j,None,None,None,None,None,None
2021-01-14_09-27-40-069_85C36955-IRN.jpg,1,8536955,s,None,None,None,None,None,None,None,None
2021-01-14_09-28-59-602_23C29643-IRN.jpg,1,2329643,s,None,None,None,None,None,None,None,None
2021-01-14_09-29-37-828_83B75820-IRN.jpg,1,8375820,f,None,None,None,None,None,None,None,None
2021-01-14_09-29-52-150_23C29643-IRN.jpg,2,8375820,f,2329643,s,None,None,None,None,None,None
2021-01-14_09-29-55-167_12M37810-IRN.jpg,2,1237810,l,8375820,f,None,None,None,None,None,None
2021-01-14_09-29-57-554_73C26410-IRN.jpg,4,6831688,s,7626410,s,1237810,l,8375820,f,None,None
2021-01-14_09-29-57-628_68C31688-IRN.jpg,4,6831688,s,7326410,s,1237810,f,7326410,s,None,None
2021-01-14_09-30-00-981_69X67233-IRN.jpg,5,6831688,s,6967233,j,6725433,j,7326410,s,1237810,l
2021-01-14_09-30-01-168_67G25433-IRN.jpg,5,1237810,l,7326410,w,6725433,j,6967233,j,6831688,s
2021-01-14_09-30-32-660_27M95722-IRN.jpg,1,2795722,l,None,None,None,None,None,None,None,None
2021-01-14_09-31-28-786_25N16232-IRN.jpg,2,2795722,l,2516222,j,None,None,None,None,None,None
2021-01-14_09-31-30-730_78G52933-IRN.jpg,2,2516222,j,7853933,j,None,None,None,None,None,None
2021-01-14_09-31-32-162_13C45910-IRN.jpg,3,2516222,j,7853933,j,1345910,w,None,None,None,None
2021-01-14_09-31-36-174_87M49910-IRN.jpg,2,8959744,u,8749910,l,None,None,None,None,None,None
2021-01-14_09-31-45-670_14713564-IRN.jpg,0,None,None,None,None,None,None,None,None,None,None
2021-01-14_09-31-49-578_21N21438-IRN.jpg,5,2121438,k,1111111,h,1111111,h,1111111,h,1111111,h
2021-01-14_09-32-18-212_74G31331-IRN.jpg,2,7431322,j,2121438,k,None,None,None,None,None,None
2021-01-14_09-33-02-568_74X31321-IRN.jpg,2,7431322,j,2121438,k,None,None,None,None,None,None
2021-01-14_09-33-04-921_83G37722-IRN.jpg,3,7431322,j,2121438,k,8337722,j,None,None,None,None
2021-01-14_09-33-07-508_74G99833-IRN.jpg,2,7499833,j,8337722,j,None,None,None,None,None,None
2021-01-14_09-33-10-765_84E36278-IRN.jpg,1,8436278,u,None,None,None,None,None,None,None,None
2021-01-14_09-34-34-804_26J22822-IRN.jpg,1,2622822,z,None,None,None,None,None,None,None,None
2021-01-14_09-34-52-843_14865958-IRN.jpg,0,None,None,None,None,None,None,None,None,None,None
2021-01-14_09-34-57-624_13817887-IRN.jpg,0,None,None,None,None,None,None,None,None,None,None
2021-01-14_09-36-13-947_19C53110-IRN.jpg,1,1953110,s,None,None,None,None,None,None,None,None
2021-01-14_09-36-24-323_59E65944-IRN.jpg,1,5965944,u,None,None,None,None,None,None,None,None
2021-01-14_09-38-20-928_16J13910-IRN.jpg,2,3269833,j,1613910,z,None,None,None,None,None,None
2021-01-14_09-38-57-859_91G31523-IRN.jpg,3,3269833,j,9131522,j,1613910,z,None,None,None,None
2021-01-14_09-39-02-639_91X31572-IRN.jpg,3,3269833,j,1613910,z,9131522,j,None,None,None,None
2021-01-14_09-39-18-033_12M17922-IRN.jpg,1,1217922,l,None,None,None,None,None,None,None,None
2021-01-14_09-41-05-394_18N85132-IRN.jpg,1,1885133,j,None,None,None,None,None,None,None,None
2021-01-14_09-41-22-639_18X85133-IRN.jpg,1,1885133,j,None,None,None,None,None,None,None,None
2021-01-14_09-41-53-664_28C33677-IRN.jpg,2,1885133,j,2833677,s,None,None,None,None,None,None
2021-01-14_09-41-58-984_85N85566-IRN.jpg,1,8585566,k,None,None,None,None,None,None,None,None
2021-01-14_09-42-18-328_54G77922-IRN.jpg,1,5477922,j,None,None,None,None,None,None,None,None
2021-01-14_09-43-20-570_75G56820-IRN.jpg,2,5477922,j,7556820,r,None,None,None,None,None,None
2021-01-14_09-43-26-143_52N12910-IRN.jpg,2,4275677,n,5212910,k,None,None,None,None,None,None
2021-01-14_09-43-39-786_11143988-IRN.jpg,0,None,None,None,None,None,None,None,None,None,None
2021-01-14_09-44-10-474_49C96143-IRN.jpg,2,4996133,s,6423719,g,None,None,None,None,None,None
2021-01-14_09-44-38-319_64L23719-IRN.jpg,2,4996133,s,6423719,g,None,None,None,None,None,None
2021-01-14_09-44-40-995_76M25274-IRN.jpg,2,7625222,l,6423719,g,None,None,None,None,None,None
2021-01-14_09-45-40-876_37N13222-IRN.jpg,1,3713222,j,None,None,None,None,None,None,None,None
2021-01-14_09-46-14-393_56D44577-IRN.jpg,1,5644577,n,None,None,None,None,None,None,None,None
2021-01-14_09-48-40-510_12N14122-IRN.jpg,1,1214122,j,None,None,None,None,None,None,None,None
2021-01-14_09-48-54-233_12G14177-IRN.jpg,1,1214122,j,None,None,None,None,None,None,None,None
2021-01-14_09-48-55-935_72G31322-IRN.jpg,2,7231322,j,1214122,j,None,None,None,None,None,None
2021-01-14_09-48-59-237_65E62455-IRN.jpg,2,7231322,j,6562455,u,None,None,None,None,None,None
2021-01-14_09-49-00-399_76S82199-IRN.jpg,2,6562455,u,7682199,w,None,None,None,None,None,None
2021-01-14_09-49-02-726_99Y49899-IRN.jpg,3,7682199,w,7918522,s,9949899,d,None,None,None,None
2021-01-14_09-50-21-238_17B46655-IRN.jpg,1,1746655,f,None,None,None,None,None,None,None,None
2021-01-14_09-50-23-585_98D55233-IRN.jpg,2,1746655,f,9855233,n,None,None,None,None,None,None
2021-01-14_09-50-25-534_56X67522-IRN.jpg,2,9855233,n,5667522,j,None,None,None,None,None,None
2021-01-14_09-50-27-275_49S81622-IRN.jpg,2,4981622,w,5667522,j,None,None,None,None,None,None
2021-01-14_09-51-00-264_33466929-IRN.jpg,0,None,None,None,None,None,None,None,None,None,None
2021-01-14_09-51-48-275_31X77333-IRN.jpg,1,3177333,j,None,None,None,None,None,None,None,None
2021-01-14_09-52-14-853_19M61820-IRN.jpg,1,1961820,l,None,None,None,None,None,None,None,None
2021-01-14_09-52-18-380_12443749-IRN.jpg,1,1961820,l,None,None,None,None,None,None,None,None
2021-01-14_09-52-54-428_12443749-IRN.jpg,2,1961820,l,5155733,j,None,None,None,None,None,None
2021-01-14_09-53-19-005_51X55743-IRN.jpg,3,5155733,j,1961820,l,2813633,d,None,None,None,None
2021-01-14_09-53-47-776_58X23622-IRN.jpg,1,5823622,j,None,None,None,None,None,None,None,None
2021-01-14_09-54-48-233_93N92344-IRN.jpg,3,9392344,k,8334622,z,5823622,j,None,None,None,None
2021-01-14_09-54-49-107_83J34622-IRN.jpg,3,8334622,j,5823622,j,9392344,k,None,None,None,None
2021-01-14_09-54-54-709_27G18833-IRN.jpg,1,1111111,h,None,None,None,None,None,None,None,None